{
    "mapWidth": 30,
    "mapHeight": 60,
    "walls": [
        {
            "x": 20,
            "z": 5
        }
    ],
    "spawnPoints": [
        {
            "x": 10.899999618530274,
            "y": 0.3799999952316284,
            "z": 17.785999298095704
        },
        {
            "x": 11.1899995803833,
            "y": 0.3799999952316284,
            "z": -8.729999542236329
        },
        {
            "x": 41.189998626708987,
            "y": 0.3799999952316284,
            "z": -8.960000038146973
        },
        {
            "x": 40.83000183105469,
            "y": 0.3799999952316284,
            "z": 17.229999542236329
        }
    ]
}