{
    "walls": [
        {
            "pos": {
                "x": 20.241790771484376,
                "y": 1.3260999917984009,
                "z": 4.964900016784668
            },
            "size": {
                "x": 1.0,
                "y": 2.4921998977661135,
                "z": 10.658327102661133
            },
            "center": {
                "x": 0.0,
                "y": 0.0,
                "z": 0.0
            },
            "rot": {
                "x": 0.0,
                "y": 0.0,
                "z": 0.0
            }
        }
    ],
    "spawnPoints": [
        {
            "x": 10.899999618530274,
            "y": 0.3799999952316284,
            "z": 17.785999298095704
        },
        {
            "x": 11.1899995803833,
            "y": 0.3799999952316284,
            "z": -8.729999542236329
        },
        {
            "x": 41.189998626708987,
            "y": 0.3799999952316284,
            "z": -8.960000038146973
        },
        {
            "x": 40.83000183105469,
            "y": 0.3799999952316284,
            "z": 17.229999542236329
        }
    ]
}